{"cameraMode":{"drawMode":0,"name":"Shaded","section":"Shading Mode"},"sceneLighting":true,"audioPlay":false,"sceneViewState":{"showFog":true,"showMaterialUpdate":false,"showSkybox":true,"showFlares":true,"showImageEffects":true,"showParticleSystems":true},"in2DMode":false,"pivot":{"x":0.41195619106292727,"y":1.0047388076782227,"z":1.5258502960205079},"rotation":{"x":0.12540200352668763,"y":0.264478862285614,"z":-0.03471096605062485,"w":0.9555763602256775},"size":3.616708993911743,"orthographic":false}